EAR_ID;EAR_NAME
1;M 6.5 - 10 km NE of San Simeon, California                      
2;M 6.5 - 105 km ESE of Kokopo, Papua New Guinea                  
3;M 6.5 - 106 km SW of Padang, Indonesia                          
4;M 6.5 - 107 km NE of Calama, Chile                              
5;M 6.5 - 107 km SSW of Tarauacá, Brazil                          
6;M 6.5 - 107 km WSW of Vernon, Canada                            
7;M 6.5 - 108 km WNW of Manokwari, Indonesia                      
8;M 6.5 - 108 km WSW of Adak, Alaska                              
9;M 6.5 - 109 km NW of Nago, Japan                                
10;M 6.5 - 11 km N of Mabua, Philippines                           
11;M 6.5 - 110 km SE of Punta de Burica, Panama                    
12;M 6.5 - 111 km E of Kimbe, Papua New Guinea                     
13;M 6.5 - 114 km SSE of San Jose Village, Northern Mariana Islands
14;M 6.5 - 117 km WNW of Manokwari, Indonesia                      
15;M 6.5 - 118 km ESE of Madang, Papua New Guinea                  
16;M 6.5 - 11km S of Kairatu, Indonesia                            
17;M 6.5 - 12 km SSW of Kawalu, Indonesia                          
18;M 6.5 - 123 km WNW of Tobelo, Indonesia                         
19;M 6.5 - 124 km N of Labuan Bajo, Indonesia                      
20;M 6.5 - 128 km NE of Bathsheba, Barbados                        
21;M 6.5 - 130 km NNW of Lautoka, Fiji                             
22;M 6.5 - 132 km WSW of Moijabana, Botswana                       
23;M 6.5 - 139 km ESE of Namie, Japan                              
24;M 6.5 - 14 km SE of Punta de Burica, Panama                     
25;M 6.5 - 14 km WNW of Reuleuet, Indonesia                        
26;M 6.5 - 152 km NNE of Bamboo Flat, India                        
27;M 6.5 - 154 km S of Severo-Kuril’sk, Russia                     
28;M 6.5 - 166 km WSW of Sungai Penuh, Indonesia                   
29;M 6.5 - 166km SSW of Ndoi Island, Fiji                          
30;M 6.5 - 168 km SW of Mawu, China                                
31;M 6.5 - 171 km E of Tadine, New Caledonia                       
32;M 6.5 - 171 km NNE of Greenland, Barbados                       
33;M 6.5 - 177 km SE of Gizo, Solomon Islands                      
34;M 6.5 - 18 km W of Parrita, Costa Rica                          
35;M 6.5 - 180 km NE of Lospalos, Timor Leste                      
36;M 6.5 - 181 km SSW of Alo, Wallis and Futuna                    
37;M 6.5 - 19 km SSW of Lefkáda, Greece                            
38;M 6.5 - 2 km S of Lim-oo, Philippines                           
39;M 6.5 - 207 km WSW of Haveluloto, Tonga                         
40;M 6.5 - 217 km SSE of Kokopo, Papua New Guinea                  
41;M 6.5 - 223 km SW of Port McNeill, Canada                       
42;M 6.5 - 225 km WNW of Pangai, Tonga                             
43;M 6.5 - 227 km SE of Sarangani, Philippines                     
44;M 6.5 - 236 km S of Punta de Burica, Panama                     
45;M 6.5 - 237 km SW of Port McNeill, Canada                       
46;M 6.5 - 247 km ESE of Attu Station, Alaska                      
47;M 6.5 - 265 km SSE of Alo, Wallis and Futuna                    
48;M 6.5 - 28 km NNW of Dompu, Indonesia                           
49;M 6.5 - 29 km SE of Blenheim, New Zealand                       
50;M 6.5 - 2km ESE of Kisante, Philippines                         
51;M 6.5 - 3 km NW of Hanamaki, Japan                              
52;M 6.5 - 3 km SSE of Progreso, Panama                            
53;M 6.5 - 31 km WSW of Malango, Solomon Islands                   
54;M 6.5 - 32 km E of Port-Olry, Vanuatu                           
55;M 6.5 - 32 km SW of Champerico, Guatemala                       
56;M 6.5 - 32 km W of Sola, Vanuatu                                
57;M 6.5 - 32 km WNW of Skýros, Greece                             
58;M 6.5 - 33 km N of Rabaul, Papua New Guinea                     
59;M 6.5 - 33 km S of Puerto San José, Guatemala                   
60;M 6.5 - 34 km N of Dompu, Indonesia                             
61;M 6.5 - 36 km E of Finschhafen, Papua New Guinea                
62;M 6.5 - 37 km WNW of Ferndale, California                       
63;M 6.5 - 38 km ESE of Blenheim, New Zealand                      
64;M 6.5 - 4 km ESE of Finschhafen, Papua New Guinea               
65;M 6.5 - 4 km NW of Can-Avid, Philippines                        
66;M 6.5 - 41 km E of Padilla, Bolivia                             
67;M 6.5 - 41 km N of Rabaul, Papua New Guinea                     
68;M 6.5 - 41 km NW of El Habillal, Mexico                         
69;M 6.5 - 41 km SSW of Ambon, Indonesia                           
70;M 6.5 - 44 km W of Masachapa, Nicaragua                         
71;M 6.5 - 45 km WSW of Iquique, Chile                             
72;M 6.5 - 46 km NE of Ruteng, Indonesia                           
73;M 6.5 - 47 km NW of Maubara, Timor Leste                        
74;M 6.5 - 48 km NW of Sola, Vanuatu                               
75;M 6.5 - 49 km NW of Barranca, Peru                              
76;M 6.5 - 5 km NE of Sultanda??, Turkey                           
77;M 6.5 - 50 km S of Koróni, Greece                               
78;M 6.5 - 53 km SW of Ashk?sham, Afghanistan                      
79;M 6.5 - 54 km WNW of Illapel, Chile                             
80;M 6.5 - 57 km SE of Sinabang, Indonesia                         
81;M 6.5 - 58 km S of Kushiro, Japan                               
82;M 6.5 - 59 km ENE of Namie, Japan                               
83;M 6.5 - 59 km SSW of Abhar, Iran                                
84;M 6.5 - 6 km SSW of Nuevo Balsas, Mexico                        
85;M 6.5 - 65 km SSW of Port-Vila, Vanuatu                         
86;M 6.5 - 65 km W of Kirakira, Solomon Islands                    
87;M 6.5 - 66 km NW of Kirakira, Solomon Islands                   
88;M 6.5 - 67 km ESE of Teno, Chile                                
89;M 6.5 - 67 km WSW of Angoram, Papua New Guinea                  
90;M 6.5 - 71 km SE of Nikolski, Alaska                            
91;M 6.5 - 73 km WNW of Copiapó, Chile                             
92;M 6.5 - 74 km NE of Amberley, New Zealand                       
93;M 6.5 - 78 km E of Lakatoro, Vanuatu                            
94;M 6.5 - 78 km SW of Panguna, Papua New Guinea                   
95;M 6.5 - 79 km WSW of Kirakira, Solomon Islands                  
96;M 6.5 - 80 km ESE of Ishinomaki, Japan                          
97;M 6.5 - 80 km SW of Jiquilillo, Nicaragua                       
98;M 6.5 - 81 km ESE of Ozernovskiy, Russia                        
99;M 6.5 - 81 km NE of Hasaki, Japan                               
100;M 6.5 - 81 km SSW of Atka, Alaska                               
101;M 6.5 - 81 km SSW of Katabu, Indonesia                          
102;M 6.5 - 83km ENE of Bristol Island, South Sandwich Islands      
103;M 6.5 - 86 km NNW of Sola, Vanuatu                              
104;M 6.5 - 87 km SE of Ozernovskiy, Russia                         
105;M 6.5 - 9 km SSW of General Pascual Fentes, Mexico              
106;M 6.5 - 9 km W of Talisay, Philippines                          
107;M 6.5 - 91 km S of Néa Anatolí, Greece                          
108;M 6.5 - 92 km N of Iquique, Chile                               
109;M 6.5 - 92 km SSW of Blenheim, New Zealand                      
110;M 6.5 - 94 km NW of Vallenar, Chile                             
111;M 6.5 - 96 km ENE of Hihifo, Tonga                              
112;M 6.5 - 96 km SE of Lugu, Taiwan                                
113;M 6.5 - Bonin Islands, Japan region                             
114;M 6.5 - Bouvet Island region                                    
115;M 6.5 - central Mid-Atlantic Ridge                              
116;M 6.5 - Costa Rica                                              
117;M 6.5 - Fiji region                                             
118;M 6.5 - Izu Islands, Japan region                               
119;M 6.5 - Kepulauan Mentawai region, Indonesia                    
120;M 6.5 - Kermadec Islands region                                 
121;M 6.5 - Kermadec Islands region                                 
122;M 6.5 - Kermadec Islands, New Zealand                           
123;M 6.5 - Kermadec Islands, New Zealand                           
124;M 6.5 - Kermadec Islands, New Zealand                           
125;M 6.5 - Monte Cristo Range, NV Earthquake                       
126;M 6.5 - Pulau-Pulau Talaud, Indonesia                           
127;M 6.5 - south of the Fiji Islands                               
128;M 6.5 - south of the Kermadec Islands                           
129;M 6.5 - South Sandwich Islands region                           
130;M 6.5 - Stanley, Idaho                                          
131;M 6.6 -                                                         
132;M 6.6 - 10 km NE of Columbio, Philippines                       
133;M 6.6 - 101 km E of Tadine, New Caledonia                       
134;M 6.6 - 103 km NE of Angoram, Papua New Guinea                  
135;M 6.6 - 106 km WSW of Sangay, Philippines                       
136;M 6.6 - 11 km ENE of Kainantu, Papua New Guinea                 
137;M 6.6 - 11 km ENE of Kos, Greece                                
138;M 6.6 - 11 km N of Cañete, Chile                                
139;M 6.6 - 115 km W of Panguna, Papua New Guinea                   
140;M 6.6 - 122 km N of Murghob, Tajikistan                         
141;M 6.6 - 124 km SW of Bamboo Flat, India                         
142;M 6.6 - 125 km E of Kimbe, Papua New Guinea                     
143;M 6.6 - 129 km ESE of Shing?, Japan                             
144;M 6.6 - 129 km SSW of Kokopo, Papua New Guinea                  
145;M 6.6 - 13 km E of San Pedro, Philippines                       
146;M 6.6 - 13 km SSW of Bam, Iran                                  
147;M 6.6 - 130 km WNW of Naze, Japan                               
148;M 6.6 - 131km S of Bristol Island, South Sandwich Islands       
149;M 6.6 - 135 km SSE of Biak, Indonesia                           
150;M 6.6 - 136 km W of Neiafu, Tonga                               
151;M 6.6 - 140 km WNW of Tobelo, Indonesia                         
152;M 6.6 - 15 km N of Belén, Nicaragua                             
153;M 6.6 - 155 km SE of Kimbe, Papua New Guinea                    
154;M 6.6 - 16 km SE of Taungdwingyi, Myanmar                       
155;M 6.6 - 161 km NNE of Pamanukan, Indonesia                      
156;M 6.6 - 161 km SE of Katsuura, Japan                            
157;M 6.6 - 161 km SSW of Padang, Indonesia                         
158;M 6.6 - 163 km ENE of Tual, Indonesia                           
159;M 6.6 - 164 km W of Ferndale, California                        
160;M 6.6 - 17 km SSW of Ishikawa, Japan                            
161;M 6.6 - 171 km SSE of Ust’-Kamchatsk Staryy, Russia             
162;M 6.6 - 175 km SSE of Lata, Solomon Islands                     
163;M 6.6 - 177 km SE of Hirara, Japan                              
164;M 6.6 - 183 km SW of Belaya Gora, Russia                        
165;M 6.6 - 186 km WNW of Malango, Solomon Islands                  
166;M 6.6 - 199 km ESE of Tadine, New Caledonia                     
167;M 6.6 - 20 km NNW of Kashiwazaki, Japan                         
168;M 6.6 - 20 km SW of Monte Patria, Chile                         
169;M 6.6 - 200km W of Broome, Australia                            
170;M 6.6 - 203 km SW of La Cruz de Loreto, Mexico                  
171;M 6.6 - 217 km N of Bamboo Flat, India                          
172;M 6.6 - 22 km ESE of Punta de Burica, Panama                    
173;M 6.6 - 22 km WSW of Illapel, Chile                             
174;M 6.6 - 23 km ESE of Aitape, Papua New Guinea                   
175;M 6.6 - 23 km WNW of Talcahuano, Chile                          
176;M 6.6 - 239 km SSE of Isangel, Vanuatu                          
177;M 6.6 - 244 km SSE of Tateyama, Japan                           
178;M 6.6 - 26 km NE of Kandrian, Papua New Guinea                  
179;M 6.6 - 27 km ESE of Chitose, Japan                             
180;M 6.6 - 28 km N of Sorong, Indonesia                            
181;M 6.6 - 28 km NNW of Maebaru-ch??, Japan                        
182;M 6.6 - 29 km NNW of Bima, Indonesia                            
183;M 6.6 - 30 km SSE of Cañete, Chile                              
184;M 6.6 - 30 km SSW of Lata, Solomon Islands                      
185;M 6.6 - 31 km S of Achanizo, Peru                               
186;M 6.6 - 32 km S of La Libertad, El Salvador                     
187;M 6.6 - 32 km W of San Juan del Sur, Nicaragua                  
188;M 6.6 - 33 km WNW of Port-Vila, Vanuatu                         
189;M 6.6 - 34km NNE of Ndoi Island, Fiji                           
190;M 6.6 - 36 km W of Kíssamos, Greece                             
191;M 6.6 - 37 km WNW of Poso, Indonesia                            
192;M 6.6 - 4 km W of Manuel Ávila Camacho (Ponte Duro), Mexico     
193;M 6.6 - 41 km SSW of Coquimbo, Chile                            
194;M 6.6 - 42 km NNW of Tilichiki, Russia                          
195;M 6.6 - 42 km WSW of Ashk?sham, Afghanistan                     
196;M 6.6 - 44 km SE of Kangding, China                             
197;M 6.6 - 45 km NNE of Saryg-Sep, Russia                          
198;M 6.6 - 46 km SSE of Gisborne, New Zealand                      
199;M 6.6 - 48 km WNW of Pólis, Cyprus                              
200;M 6.6 - 49 km SSE of Sungai Penuh, Indonesia                    
201;M 6.6 - 5 km ESE of Preci, Italy                                
202;M 6.6 - 5 km S of Cojutepeque, El Salvador                      
203;M 6.6 - 50 km ESE of ?tsuchi, Japan                             
204;M 6.6 - 50 km S of Jurm, Afghanistan                            
205;M 6.6 - 51 km NW of Isangel, Vanuatu                            
206;M 6.6 - 52 km ENE of Kandrian, Papua New Guinea                 
207;M 6.6 - 53 km ENE of Cantwell, Alaska                           
208;M 6.6 - 53 km SE of Nikolski, Alaska                            
209;M 6.6 - 55 km WSW of Masachapa, Nicaragua                       
210;M 6.6 - 56 km WSW of Linqiong, China                            
211;M 6.6 - 57 km SW of Panguna, Papua New Guinea                   
212;M 6.6 - 60 km SSE of Kirakira, Solomon Islands                  
213;M 6.6 - 62km E of Lakatoro, Vanuatu                             
214;M 6.6 - 7 km SW of Helio García Alfaro, Mexico                  
215;M 6.6 - 71 km NNE of Bharatpur, Nepal                           
216;M 6.6 - 73 km WNW of Tobelo, Indonesia                          
217;M 6.6 - 74 km E of Tadine, New Caledonia                        
218;M 6.6 - 74 km S of Kokhanok, Alaska                             
219;M 6.6 - 75 km S of Kirakira, Solomon Islands                    
220;M 6.6 - 75 km SSW of Bahía de Kino, Mexico                      
221;M 6.6 - 76 km NE of Finschhafen, Papua New Guinea               
222;M 6.6 - 76 km W of Neiafu, Tonga                                
223;M 6.6 - 8 km SSW of Ojiya, Japan                                
224;M 6.6 - 80 km E of Tilichiki, Russia                            
225;M 6.6 - 80 km SW of Labuan, Indonesia                           
226;M 6.6 - 80 km W of Sungai Penuh, Indonesia                      
227;M 6.6 - 81 km NNE of Ust’-Kamchatsk Staryy, Russia              
228;M 6.6 - 82 km E of Kimbe, Papua New Guinea                      
229;M 6.6 - 87 km SSE of Kokopo, Papua New Guinea                   
230;M 6.6 - 94 km NW of Sola, Vanuatu                               
231;M 6.6 - 97 km N of Batang, Indonesia                            
232;M 6.6 - 98 km SE of Gizo, Solomon Islands                       
233;M 6.6 - 98 km SW of Etchoropo, Mexico                           
234;M 6.6 - 98 km W of Panguna, Papua New Guinea                    
235;M 6.6 - 99 km SSE of Panguna, Papua New Guinea                  
236;M 6.6 - Afghanistan-Tajikistan-Pakistan region                  
237;M 6.6 - Auckland Islands, New Zealand region                    
238;M 6.6 - Kermadec Islands, New Zealand                           
239;M 6.6 - Molucca Sea                                             
240;M 6.6 - Nicobar Islands, India region                           
241;M 6.6 - Nicobar Islands, India region                           
242;M 6.6 - northern Mid-Atlantic Ridge                             
243;M 6.6 - northern Qinghai, China                                 
244;M 6.6 - south of the Kermadec Islands                           
245;M 6.6 - South Sandwich Islands region                           
246;M 6.7 - 10 km SSW of Coquimbo, Chile                            
247;M 6.7 - 100 km ESE of Kimbe, Papua New Guinea                   
248;M 6.7 - 101 km WSW of Bahía Solano, Colombia                    
249;M 6.7 - 102 km WSW of Sola, Vanuatu                             
250;M 6.7 - 103 km W of El Aguilar, Argentina                       
251;M 6.7 - 104 km W of Sola, Vanuatu                               
252;M 6.7 - 105 km WNW of Naisano Dua, Indonesia                    
253;M 6.7 - 107 km NW of Ambon, Indonesia                           
254;M 6.7 - 108 km W of Ambon, Indonesia                            
255;M 6.7 - 11 km SE of Aitape, Papua New Guinea                    
256;M 6.7 - 111 km SE of Bam, Iran                                  
257;M 6.7 - 112 km WSW of Padang, Indonesia                         
258;M 6.7 - 113 km SW of Padang, Indonesia                          
259;M 6.7 - 118 km SSW of Padang, Indonesia                         
260;M 6.7 - 120 km NW of Olonkinbyen, Svalbard and Jan Mayen        
261;M 6.7 - 125 km SSW of Tarauacá, Brazil                          
262;M 6.7 - 125 km SW of Padangsidempuan, Indonesia                 
263;M 6.7 - 126 km SSW of Kokopo, Papua New Guinea                  
264;M 6.7 - 128 km SSE of Panguna, Papua New Guinea                 
265;M 6.7 - 13 km N of Do?anyol, Turkey                             
266;M 6.7 - 131 km SE of Nookat, Kyrgyzstan                         
267;M 6.7 - 132 km E of Tadine, New Caledonia                       
268;M 6.7 - 14 km SW of Puako, Hawaii                               
269;M 6.7 - 140 km E of Kimbe, Papua New Guinea                     
270;M 6.7 - 140 km WSW of Makurazaki, Japan                         
271;M 6.7 - 146 km WNW of Corral, Chile                             
272;M 6.7 - 15 km S of Hukay, Philippines                           
273;M 6.7 - 150 km WNW of Malango, Solomon Islands                  
274;M 6.7 - 151 km NE of Lospalos, Timor Leste                      
275;M 6.7 - 155 km SSW of Padang, Indonesia                         
276;M 6.7 - 166 km W of Pariaman, Indonesia                         
277;M 6.7 - 181 km NNE of Maumere, Indonesia                        
278;M 6.7 - 183 km NE of Gisborne, New Zealand                      
279;M 6.7 - 189 km SW of Port McNeill, Canada                       
280;M 6.7 - 19 km SW of Brisas Barra de Suchiate, Mexico            
281;M 6.7 - 190 km ESE of Kokopo, Papua New Guinea                  
282;M 6.7 - 190 km NW of Sola, Vanuatu                              
283;M 6.7 - 191 km SE of Kokopo, Papua New Guinea                   
284;M 6.7 - 2 km NNE of Jimalalud, Philippines                      
285;M 6.7 - 201 km SSE of Mata-Utu, Wallis and Futuna               
286;M 6.7 - 206 km SSW of Sofifi, Indonesia                         
287;M 6.7 - 21 km SSE of Kod?ri??, Nepal                            
288;M 6.7 - 22 km NW of Hacienda La Calera, Chile                   
289;M 6.7 - 221 km NE of Jumla, Nepal                               
290;M 6.7 - 26 km NE of Kýthira, Greece                             
291;M 6.7 - 260 km S of Sinabang, Indonesia                         
292;M 6.7 - 269 km WNW of Ozernovskiy, Russia                       
293;M 6.7 - 279 km E of Levuka, Fiji                                
294;M 6.7 - 29 km SSW of Turt, Mongolia                             
295;M 6.7 - 29 km W of Imph?l, India                                
296;M 6.7 - 31 km SW of Copiapó, Chile                              
297;M 6.7 - 31 km WNW of Yonakuni, Japan                            
298;M 6.7 - 32 km SE of Muisne, Ecuador                             
299;M 6.7 - 33 km SSW of Lata, Solomon Islands                      
300;M 6.7 - 34 km WSW of Pacocha, Peru                              
301;M 6.7 - 38 km NE of Saryg-Sep, Russia                           
302;M 6.7 - 38 km SSW of Nabire, Indonesia                          
303;M 6.7 - 38 km W of Constitución, Chile                          
304;M 6.7 - 39 km SSE of Kushiro, Japan                             
305;M 6.7 - 41 km NNE of Miyako, Japan                              
306;M 6.7 - 43 km NW of Piti Village, Guam                          
307;M 6.7 - 43 km SSE of Iztapa, Guatemala                          
308;M 6.7 - 46 km NW of Nanao, Japan                                
309;M 6.7 - 5 km SW of Puerto Madero, Mexico                        
310;M 6.7 - 52 km NNW of Tomé, Chile                                
311;M 6.7 - 52 km SE of Shizunai-furukawach?, Japan                 
312;M 6.7 - 52 km SW of San Vicente de Cañete, Peru                 
313;M 6.7 - 52 km SW of Sola, Vanuatu                               
314;M 6.7 - 55 km WSW of Kirakira, Solomon Islands                  
315;M 6.7 - 59 km SSW of Sola, Vanuatu                              
316;M 6.7 - 60 km SSW of Boca Chica, Panama                         
317;M 6.7 - 61 km WNW of Illapel, Chile                             
318;M 6.7 - 62 km SW of Tari, Papua New Guinea                      
319;M 6.7 - 63 km WNW of Iquique, Chile                             
320;M 6.7 - 65 km S of Hualien City, Taiwan                         
321;M 6.7 - 68 km WSW of Kabanjahe, Indonesia                       
322;M 6.7 - 70 km WSW of Constitución, Chile                        
323;M 6.7 - 71 km S of Burica, Panama                               
324;M 6.7 - 72 km S of Manokwari, Indonesia                         
325;M 6.7 - 78 km WNW of Copiapó, Chile                             
326;M 6.7 - 80 km NNE of Antofagasta, Chile                         
327;M 6.7 - 80 km SSE of Kirakira, Solomon Islands                  
328;M 6.7 - 83 km ENE of Miyako, Japan                              
329;M 6.7 - 86 km SSE of Manokwari, Indonesia                       
330;M 6.7 - 9 km S of Aktash, Russia                                
331;M 6.7 - 91 km SE of Nikolski, Alaska                            
332;M 6.7 - 94 km WSW of Singkil, Indonesia                         
333;M 6.7 - 95 km SW of Topolobampo, Mexico                         
334;M 6.7 - 97 km SSW of El Huitusi, Mexico                         
335;M 6.7 - 99 km NE of Miyako, Japan                               
336;M 6.7 - Kermadec Islands, New Zealand                           
337;M 6.7 - Mauritius - Reunion region                              
338;M 6.7 - New Ireland region, Papua New Guinea                    
339;M 6.7 - Prince Edward Islands region                            
340;M 6.7 - Sea of Okhotsk                                          
341;M 6.7 - south of Java, Indonesia                                
342;M 6.8 - 100 km SE of Nikolski, Alaska                           
343;M 6.8 - 103 km E of Kokopo, Papua New Guinea                    
344;M 6.8 - 107 km N of Lae, Papua New Guinea                       
345;M 6.8 - 109 km SSW of Kokopo, Papua New Guinea                  
346;M 6.8 - 114 km ESE of Kokopo, Papua New Guinea                  
347;M 6.8 - 117 km SSE of Ugashik, Alaska                           
348;M 6.8 - 122 km SSE of Obihiro, Japan                            
349;M 6.8 - 124 km NE of Wé, New Caledonia                          
350;M 6.8 - 127 km SE of Gizo, Solomon Islands                      
351;M 6.8 - 129 km WSW of Khuzdar, Pakistan                         
352;M 6.8 - 133 km WNW of Mikuni, Japan                             
353;M 6.8 - 138 km W of Bengkulu, Indonesia                         
354;M 6.8 - 138 km WSW of Bengkulu, Indonesia                       
355;M 6.8 - 140 km N of Lae, Papua New Guinea                       
356;M 6.8 - 141 km W of Bengkulu, Indonesia                         
357;M 6.8 - 153 km WSW of Buala, Solomon Islands                    
358;M 6.8 - 154 km ESE of Kokopo, Papua New Guinea                  
359;M 6.8 - 157 km NW of Ternate, Indonesia                         
360;M 6.8 - 159 km ESE of Kirakira, Solomon Islands                 
361;M 6.8 - 16 km SSW of Kure, Japan                                
362;M 6.8 - 178 km W of Lata, Solomon Islands                       
363;M 6.8 - 187 km E of Levuka, Fiji                                
364;M 6.8 - 188 km WNW of Sola, Vanuatu                             
365;M 6.8 - 200 km NW of Attu Station, Alaska                       
366;M 6.8 - 210 km SW of Port McNeill, Canada                       
367;M 6.8 - 22 km ESE of Lata, Solomon Islands                      
368;M 6.8 - 22 km WNW of Malango, Solomon Islands                   
369;M 6.8 - 25 km WNW of Dellys, Algeria                            
370;M 6.8 - 256 km SSW of Singkil, Indonesia                        
371;M 6.8 - 26 km W of Chauk, Myanmar                               
372;M 6.8 - 27 km SSW of Nuxco, Mexico                              
373;M 6.8 - 28 km SW of Puerto San José, Guatemala                  
374;M 6.8 - 29 km ENE of Morioka, Japan                             
375;M 6.8 - 30 km E of Macas, Ecuador                               
376;M 6.8 - 32 km SE of ?funato, Japan                              
377;M 6.8 - 32 km SW of Lithakiá, Greece                            
378;M 6.8 - 36 km S of George Town, Cayman Islands                  
379;M 6.8 - 38 km NW of Aniso, Peru                                 
380;M 6.8 - 38 km SE of Boyuibe, Bolivia                            
381;M 6.8 - 39 km SW of Ovalle, Chile                               
382;M 6.8 - 39 km WNW of Timbiquí, Colombia                         
383;M 6.8 - 42 km W of Ovalle, Chile                                
384;M 6.8 - 48 km SW of San Pedro de Atacama, Chile                 
385;M 6.8 - 49 km S of Panguna, Papua New Guinea                    
386;M 6.8 - 51 km NE of Norsup, Vanuatu                             
387;M 6.8 - 51 km NNE of Shwebo, Myanmar                            
388;M 6.8 - 54 km N of Vallenar, Chile                              
389;M 6.8 - 54 km SSW of Nemuro, Japan                              
390;M 6.8 - 55 km SSW of Aguililla, Mexico                          
391;M 6.8 - 59 km NNE of Port-Olry, Vanuatu                         
392;M 6.8 - 60 km SSE of Kirakira, Solomon Islands                  
393;M 6.8 - 62 km SSW of Yonakuni, Japan                            
394;M 6.8 - 62 km WSW of Panguna, Papua New Guinea                  
395;M 6.8 - 68 km NNE of San Pedro de Atacama, Chile                
396;M 6.8 - 7 km S of Magsaysay, Philippines                        
397;M 6.8 - 7 km SSE of Longbranch, Washington                      
398;M 6.8 - 70 km N of Te Anau, New Zealand                         
399;M 6.8 - 76 km ESE of Kalemie, Democratic Republic of the Congo  
400;M 6.8 - 76 km WNW of Kandrian, Papua New Guinea                 
401;M 6.8 - 77 km WNW of Indianola, California                      
402;M 6.8 - 79 km W of Kirakira, Solomon Islands                    
403;M 6.8 - 81 km NNE of Port-Vila, Vanuatu                         
404;M 6.8 - 82 km NNE of Antofagasta, Chile                         
405;M 6.8 - 86 km NNW of San Antonio de los Cobres, Argentina       
406;M 6.8 - 86 km NW of Vallenar, Chile                             
407;M 6.8 - 90 km NE of Rabaul, Papua New Guinea                    
408;M 6.8 - 90km W of Tarauaca, Brazil                              
409;M 6.8 - 92 km E of Yujing, Taiwan                               
410;M 6.8 - 96 km SW of San Antonio, Chile                          
411;M 6.8 - 97 km NE of Hihifo, Tonga                               
412;M 6.8 - 98 km NNE of Naze, Japan                                
413;M 6.8 - 98km SSW of Luwuk, Indonesia                            
414;M 6.8 - 99 km WNW of Sinabang, Indonesia                        
415;M 6.8 - Banda Sea                                               
416;M 6.8 - Mindanao, Philippines                                   
417;M 6.8 - Pagan region, Northern Mariana Islands                  
418;M 6.8 - south of the Fiji Islands                               
419;M 6.9 -                                                         
420;M 6.9 -                                                         
421;M 6.9 -                                                         
422;M 6.9 - 107 km SE of Amahai, Indonesia                          
423;M 6.9 - 112 km E of Chignik, Alaska                             
424;M 6.9 - 113 km SSE of Panguna, Papua New Guinea                 
425;M 6.9 - 122 km WSW of Bengkulu, Indonesia                       
426;M 6.9 - 125 km SE of Perryville, Alaska                         
427;M 6.9 - 134km WSW of Kota Ternate, Indonesia                    
428;M 6.9 - 136 km SE of Perryville, Alaska                         
429;M 6.9 - 140 km NNW of Tobelo, Indonesia                         
430;M 6.9 - 150 km E of Kimbe, Papua New Guinea                     
431;M 6.9 - 151 km E of Namie, Japan                                
432;M 6.9 - 152 km SW of Labuan, Indonesia                          
433;M 6.9 - 156 km SSW of Puerto El Triunfo, El Salvador            
434;M 6.9 - 17 km N of Port-Olry, Vanuatu                           
435;M 6.9 - 18 km SSW of Leilani Estates, Hawaii                    
436;M 6.9 - 18 km SSW of Obihiro, Japan                             
437;M 6.9 - 2 km NNE of Yacuanquer, Colombia                        
438;M 6.9 - 2 km SSW of San Pablo, Guatemala                        
439;M 6.9 - 20 km NNW of Labuan Lombok, Indonesia                   
440;M 6.9 - 201 km ESE of Hihifo, Tonga                             
441;M 6.9 - 204 km SW of Bengkulu, Indonesia                        
442;M 6.9 - 205 km ESE of Kirakira, Solomon Islands                 
443;M 6.9 - 21 km N of Tomé, Chile                                  
444;M 6.9 - 21 km SSW of Kamariótissa, Greece                       
445;M 6.9 - 222 km SSE of Katabu, Indonesia                         
446;M 6.9 - 225 km SW of Nadi, Fiji                                 
447;M 6.9 - 233 km NNW of Qamdo, China                              
448;M 6.9 - 24 km ENE of Atlasovo, Russia                           
449;M 6.9 - 24 km NW of Rosa Zarate, Ecuador                        
450;M 6.9 - 24 km WSW of Mizusawa, Japan                            
451;M 6.9 - 25 km ESE of Atlasovo, Russia                           
452;M 6.9 - 26 km W of Hengchun, Taiwan                             
453;M 6.9 - 268 km WSW of Tual, Indonesia                           
454;M 6.9 - 27 km NNW of Tachilek, Myanmar                          
455;M 6.9 - 272 km ESE of Hotan, China                              
456;M 6.9 - 284 km ESE of Tadine, New Caledonia                     
457;M 6.9 - 31 km SW of Burias, Philippines                         
458;M 6.9 - 35 km ESE of Namie, Japan                               
459;M 6.9 - 35 km S of Methóni, Greece                              
460;M 6.9 - 36 km NW of Labuan Lombok, Indonesia                    
461;M 6.9 - 39 km SW of Santiago, Peru                              
462;M 6.9 - 4 km W of Puerto Madero, Mexico                         
463;M 6.9 - 40 km W of Valparaíso, Chile                            
464;M 6.9 - 43 km NW of Mangan, India                               
465;M 6.9 - 47 km S of Old Harbor, Alaska                           
466;M 6.9 - 56 km SE of Kimbe, Papua New Guinea                     
467;M 6.9 - 59 km WSW of Bengkulu, Indonesia                        
468;M 6.9 - 61 km NW of Santa Cruz, Chile                           
469;M 6.9 - 75 km WNW of Sola, Vanuatu                              
470;M 6.9 - 76 km SE of Mawlaik, Myanmar                            
471;M 6.9 - 78 km NE of Hasaki, Japan                               
472;M 6.9 - 81 km NW of Coquimbo, Chile                             
473;M 6.9 - 81 km SE of Ozernovskiy, Russia                         
474;M 6.9 - 82 km NNW of Port-Olry, Vanuatu                         
475;M 6.9 - 85 km NW of Coquimbo, Chile                             
476;M 6.9 - 89 km WSW of Singkil, Indonesia                         
477;M 6.9 - 90 km E of Yujing, Taiwan                               
478;M 6.9 - 90 km WNW of Iquique, Chile                             
479;M 6.9 - 92 km WSW of Kirakira, Solomon Islands                  
480;M 6.9 - 96 km WNW of Bahía de Kino, Mexico                      
481;M 6.9 - 99 km WSW of Kirakira, Solomon Islands                  
482;M 6.9 - central Mid-Atlantic Ridge                              
483;M 6.9 - Federated States of Micronesia region                   
484;M 6.9 - Fiji region                                             
485;M 6.9 - Fiji region                                             
486;M 6.9 - Fox Islands, Aleutian Islands, Alaska                   
487;M 6.9 - Kermadec Islands region                                 
488;M 6.9 - Kermadec Islands, New Zealand                           
489;M 6.9 - Philippine Islands region                               
490;M 6.9 - Scotia Sea                                              
491;M 6.9 - south of the Fiji Islands                               
492;M 6.9 - South Sandwich Islands region                           
493;M 6.9 - South Sandwich Islands region                           
494;M 6.9 - South Shetland Islands                                  
495;M 6.9 - Vanuatu region                                          
496;M 7.0 -                                                         
497;M 7.0 - 10 km SE of Léogâne, Haiti                              
498;M 7.0 - 101 km SW of Atka, Alaska                               
499;M 7.0 - 107 km E of Namie, Japan                                
500;M 7.0 - 11 km NE of Bantay, Philippines                         
501;M 7.0 - 114 km NNW of Popondetta, Papua New Guinea              
502;M 7.0 - 116 km NE of Tobelo, Indonesia                          
503;M 7.0 - 118 km NNE of Tadine, New Caledonia                     
504;M 7.0 - 119 km E of Kimbe, Papua New Guinea                     
505;M 7.0 - 121 km SSE of Biak, Indonesia                           
506;M 7.0 - 13 km NNE of Néon Karlovásion, Greece                   
507;M 7.0 - 133 km ESE of Ishinomaki, Japan                         
508;M 7.0 - 133 km SSE of Isangel, Vanuatu                          
509;M 7.0 - 150 km NNE of Maumere, Indonesia                        
510;M 7.0 - 153 km SSW of Padang, Indonesia                         
511;M 7.0 - 160 km SE of Chipinge, Zimbabwe                         
512;M 7.0 - 175 km NE of Gisborne, New Zealand                      
513;M 7.0 - 18 km SW of Malango, Solomon Islands                    
514;M 7.0 - 19 km NE of Methven, New Zealand                        
515;M 7.0 - 209 km SSE of Isangel, Vanuatu                          
516;M 7.0 - 211 km SE of Pondaguitan, Philippines                   
517;M 7.0 - 22 km NNE of Azángaro, Peru                             
518;M 7.0 - 234 km W of Abepura, Indonesia                          
519;M 7.0 - 25 km WNW of Illapel, Chile                             
520;M 7.0 - 260 km WSW of Abepura, Indonesia                        
521;M 7.0 - 27 km SSW of ?funato, Japan                             
522;M 7.0 - 28 km S of Nabire, Indonesia                            
523;M 7.0 - 3 km NW of Norsup, Vanuatu                              
524;M 7.0 - 30 km E of Ishinomaki, Japan                            
525;M 7.0 - 33 km NW of Lata, Solomon Islands                       
526;M 7.0 - 40 km S of Kimbe, Papua New Guinea                      
527;M 7.0 - 43 km SSW of Masachapa, Nicaragua                       
528;M 7.0 - 51 km SW of Nemuro, Japan                               
529;M 7.0 - 52 km NW of Santa Cruz, Chile                           
530;M 7.0 - 6 km ESE of Kumamoto, Japan                             
531;M 7.0 - 64 km ESE of Contamana, Peru                            
532;M 7.0 - 66 km SSW of Banjar, Indonesia                          
533;M 7.0 - 69 km ENE of San Luis, Mexico                           
534;M 7.0 - 69 km SSE of Inarajan Village, Guam                     
535;M 7.0 - 70 km SE of Katsuren-haebaru, Japan                     
536;M 7.0 - 72 km ESE of Kimbe, Papua New Guinea                    
537;M 7.0 - 80 km WNW of Lata, Solomon Islands                      
538;M 7.0 - 85 km ENE of Tadine, New Caledonia                      
539;M 7.0 - 95 km ENE of Kuril’sk, Russia                           
540;M 7.0 - 96 km ESE of Pondaguitan, Philippines                   
541;M 7.0 - Acapulco, Mexico                                        
542;M 7.0 - Near the south coast of Papua, Indonesia                
543;M 7.0 - south of the Fiji Islands                               
544;M 7.0 - southeast of the Loyalty Islands                        
545;M 7.1 - 1 km S of Matzaco, Mexico                               
546;M 7.1 - 1 km SE of Point MacKenzie, Alaska                      
547;M 7.1 - 112 km WSW of Lata, Solomon Islands                     
548;M 7.1 - 119 km S of Isangel, Vanuatu                            
549;M 7.1 - 125 km W of Port-Vila, Vanuatu                          
550;M 7.1 - 136 km W of Iñapari, Peru                               
551;M 7.1 - 137 km WNW of Ternate, Indonesia                        
552;M 7.1 - 138 km SW of Palimbang, Philippines                     
553;M 7.1 - 138km E of Bitung, Indonesia                            
554;M 7.1 - 143 km SW of Panguna, Papua New Guinea                  
555;M 7.1 - 155 km NW of Ternate, Indonesia                         
556;M 7.1 - 16 km NE of Port-Olry, Vanuatu                          
557;M 7.1 - 16 km WSW of Atiquipa, Peru                             
558;M 7.1 - 161 km S of ?yama, Japan                                
559;M 7.1 - 18km W of Searles Valley, CA                            
560;M 7.1 - 20 km SSW of Merizo Village, Guam                       
561;M 7.1 - 23 km NE of Constitución, Chile                         
562;M 7.1 - 238 km ESE of Tadine, New Caledonia                     
563;M 7.1 - 25 km SSE of Wau, Papua New Guinea                      
564;M 7.1 - 255 km W of Riverton, New Zealand                       
565;M 7.1 - 27 km NNE of Van, Turkey                                
566;M 7.1 - 29 km ESE of Ishinomaki, Japan                          
567;M 7.1 - 29 km SSW of Nabire, Indonesia                          
568;M 7.1 - 30 km SW of Hengchun, Taiwan                            
569;M 7.1 - 31 km NE of Port-Olry, Vanuatu                          
570;M 7.1 - 32 km SE of Lata, Solomon Islands                       
571;M 7.1 - 33km NW of Bulolo, Papua New Guinea                     
572;M 7.1 - 37 km W of Atiquipa, Peru                               
573;M 7.1 - 4 km SE of Sagbayan, Philippines                        
574;M 7.1 - 47 km ESE of Pedro Bay, Alaska                          
575;M 7.1 - 56 km WSW of Panguna, Papua New Guinea                  
576;M 7.1 - 60 km ENE of Pondaguitan, Philippines                   
577;M 7.1 - 64 km S of Port-Vila, Vanuatu                           
578;M 7.1 - 67 km ENE of Hualien City, Taiwan                       
579;M 7.1 - 73 km ENE of Namie, Japan                               
580;M 7.1 - 94 km SE of Gizo, Solomon Islands                       
581;M 7.1 - Banda Sea                                               
582;M 7.1 - Banda Sea                                               
583;M 7.1 - Ecuador                                                 
584;M 7.1 - Fiji region                                             
585;M 7.1 - off the east coast of Honshu, Japan                     
586;M 7.1 - South Sandwich Islands region                           
587;M 7.1 - South Sandwich Islands region                           
588;M 7.2 - 10 km W of Azángaro, Peru                               
589;M 7.2 - 100 km WNW of Sola, Vanuatu                             
590;M 7.2 - 104 km W of Murghob, Tajikistan                         
591;M 7.2 - 12km SW of Delta, B.C., MX                              
592;M 7.2 - 153 km W of Big Lagoon, California                      
593;M 7.2 - 164 km WSW of Sungai Penuh, Indonesia                   
594;M 7.2 - 196 km SSE of Sarangani, Philippines                    
595;M 7.2 - 226 km SE of Hotan, China                               
596;M 7.2 - 252 km ENE of Kuril’sk, Russia                          
597;M 7.2 - 284 km WNW of Sabang, Indonesia                         
598;M 7.2 - 32 km SSW of Pizarro, Colombia                          
599;M 7.2 - 4 km S of Pinotepa de Don Luis, Mexico                  
600;M 7.2 - 42 km NNW of Carahue, Chile                             
601;M 7.2 - 45 km SSW of Meulaboh, Indonesia                        
602;M 7.2 - 46 km WSW of Dalbandin, Pakistan                        
603;M 7.2 - 50 km WNW of Port-Vila, Vanuatu                         
604;M 7.2 - 56 km E of Luganville, Vanuatu                          
605;M 7.2 - 56 km NW of Te Anau, New Zealand                        
606;M 7.2 - 66 km ESE of Ishinomaki, Japan                          
607;M 7.2 - 71 km SSW of Port-Vila, Vanuatu                         
608;M 7.2 - 80 km S of Mil’kovo, Russia                             
609;M 7.2 - 9 km ENE of Coyuquilla Norte, Mexico                    
610;M 7.2 - 93km NNE of Laiwui, Indonesia                           
611;M 7.2 - 94 km SE of Shing?, Japan                               
612;M 7.2 - 97 km S of Lata, Solomon Islands                        
613;M 7.2 - Nicobar Islands, India region                           
614;M 7.2 - Nippes, Haiti                                           
615;M 7.2 - off the west coast of northern Sumatra                  
616;M 7.2 - South Sandwich Islands region                           
617;M 7.2 - southeast of the Loyalty Islands                        
618;M 7.3 - 11 km WNW of San Agustín, Colombia                      
619;M 7.3 - 116km NE of L'Esperance Rock, New Zealand               
620;M 7.3 - 120 km SE of ?funato, Japan                             
621;M 7.3 - 125 km NNE of Lospalos, Timor Leste                     
622;M 7.3 - 126 km S of Puerto El Triunfo, El Salvador              
623;M 7.3 - 126 km W of Kirakira, Solomon Islands                   
624;M 7.3 - 141 km W of Isangel, Vanuatu                            
625;M 7.3 - 182 km NE of Gisborne, New Zealand                      
626;M 7.3 - 187 km SE of Ust’-Kamchatsk Staryy, Russia              
627;M 7.3 - 189 km SSE of Tabiauan, Philippines                     
628;M 7.3 - 190 km ENE of Kokopo, Papua New Guinea                  
629;M 7.3 - 201 km ESE of Tadine, New Caledonia                     
630;M 7.3 - 205 km ESE of Neiafu, Tonga                             
631;M 7.3 - 234 km SE of ?funato, Japan                             
632;M 7.3 - 29 km S of ?alabja, Iraq                                
633;M 7.3 - 29 km S of Aktash, Russia                               
634;M 7.3 - 292km NW of Saumlaki, Indonesia                         
635;M 7.3 - 33 km NW of Port-Vila, Vanuatu                          
636;M 7.3 - 40 km ENE of Carúpano, Venezuela                        
637;M 7.3 - 46 km NW of Guanaja, Honduras                           
638;M 7.3 - 57 km ENE of Namie, Japan                               
639;M 7.3 - 71 km SW of Isangel, Vanuatu                            
640;M 7.3 - 74 km S of Intipucá, El Salvador                        
641;M 7.3 - 77 km ENE of Ba, Fiji                                   
642;M 7.3 - Flores Sea                                              
643;M 7.3 - Near the south coast of Papua, Indonesia                
644;M 7.3 - Nepal                                                   
645;M 7.3 - New Britain region, Papua New Guinea                    
646;M 7.3 - South Sandwich Islands region                           
647;M 7.3 - Southern Qinghai, China                                 
648;M 7.3 - Vanuatu region                                          
649;M 7.4 - 102 km SSE of Bengkulu, Indonesia                       
650;M 7.4 - 112 km S of Kirakira, Solomon Islands                   
651;M 7.4 - 118 km ESE of Shing?, Japan                             
652;M 7.4 - 119 km ESE of Shizunai-furukawach?, Japan               
653;M 7.4 - 124 km W of Lebu, Chile                                 
654;M 7.4 - 135 km NW of Gorontalo, Indonesia                       
655;M 7.4 - 143 km NW of Sola, Vanuatu                              
656;M 7.4 - 18 km WNW of Basse-Pointe, Martinique                   
657;M 7.4 - 292 km SW of Vaini, Tonga                               
658;M 7.4 - 33 km S of Champerico, Guatemala                        
659;M 7.4 - 50 km NW of Sinabang, Indonesia                         
660;M 7.4 - 51 km SW of Jurm, Afghanistan                           
661;M 7.4 - 56 km NW of Sinabang, Indonesia                         
662;M 7.4 - 6 km E of Santiago Llano Grande, Mexico                 
663;M 7.4 - 86 km WNW of Manokwari, Indonesia                       
664;M 7.4 - 9 km SE of Santa María Xadani, Mexico                   
665;M 7.4 - Kermadec Islands, New Zealand                           
666;M 7.4 - south of the Kermadec Islands                           
667;M 7.5 - 110 km SW of Edna Bay, Alaska                           
668;M 7.5 - 111km ESE of Palora, Ecuador                            
669;M 7.5 - 126 km WNW of Ternate, Indonesia                        
670;M 7.5 - 131 km SSW of Kokopo, Papua New Guinea                  
671;M 7.5 - 155 km E of Kendari, Indonesia                          
672;M 7.5 - 166 km ESE of Tadine, New Caledonia                     
673;M 7.5 - 203 km NNE of Barra Patuca, Honduras                    
674;M 7.5 - 21 km SE of Lukatan, Philippines                        
675;M 7.5 - 221 km SSE of Severo-Kuril’sk, Russia                   
676;M 7.5 - 266 km N of Bamboo Flat, India                          
677;M 7.5 - 32 km SW of Tari, Papua New Guinea                      
678;M 7.5 - 35 km NNE of Rengasdengklok, Indonesia                  
679;M 7.5 - 39 km NW of Yurimaguas, Peru                            
680;M 7.5 - 43 km NNW of Barranca, Peru                             
681;M 7.5 - 53 km SE of Kokopo, Papua New Guinea                    
682;M 7.5 - 63 km NW of Maubara, Timor Leste                        
683;M 7.5 - 70 km SW of Panguna, Papua New Guinea                   
684;M 7.5 - 72 km N of Palu, Indonesia                              
685;M 7.5 - Hindu Kush region, Afghanistan                          
686;M 7.5 - Mindanao, Philippines                                   
687;M 7.5 - Nicobar Islands, India region                           
688;M 7.5 - South Sandwich Islands region                           
689;M 7.6 - 102 km SSE of Manokwari, Indonesia                      
690;M 7.6 - 11 km ENE of Hojancha, Costa Rica                       
691;M 7.6 - 135 km E of Kokopo, Papua New Guinea                    
692;M 7.6 - 155 km WNW of Iñapari, Peru                             
693;M 7.6 - 16 km SSW of Cuyutlán, Mexico                           
694;M 7.6 - 185 km WNW of Iñapari, Peru                             
695;M 7.6 - 191 km S of ‘Ohonua, Tonga                              
696;M 7.6 - 21 km NNE of Muzaffar?b?d, Pakistan                     
697;M 7.6 - 30 km WSW of Pariaman, Indonesia                        
698;M 7.6 - 35 km SSW of Aguililla, Mexico                          
699;M 7.6 - 41 km SW of Quellón, Chile                              
700;M 7.6 - 46km SSE of Namatanai, Papua New Guinea                 
701;M 7.6 - 51 km SW of Punta de Bombón, Peru                       
702;M 7.6 - 61 km W of Bantogon, Philippines                        
703;M 7.6 - 68 km ESE of Aitape, Papua New Guinea                   
704;M 7.6 - 70 km E of Kainantu, Papua New Guinea                   
705;M 7.6 - 80 km NE of Tilichiki, Russia                           
706;M 7.6 - 89 km E of Sulangan, Philippines                        
707;M 7.6 - 93 km SSE of Kirakira, Solomon Islands                  
708;M 7.6 - 99 km SE of Sand Point, Alaska                          
709;M 7.6 - Kermadec Islands region                                 
710;M 7.6 - Scotia Sea                                              
711;M 7.7 - 113 km NW of Bela, Pakistan                             
712;M 7.7 - 123 km NNW of Lucea, Jamaica                            
713;M 7.7 - 140 km WNW of Manokwari, Indonesia                      
714;M 7.7 - 148 km NW of Sola, Vanuatu                              
715;M 7.7 - 156 km ENE of Poronaysk, Russia                         
716;M 7.7 - 17 km NW of Bhach?u, India                              
717;M 7.7 - 226 km SSW of Singaparna, Indonesia                     
718;M 7.7 - 272 km ESE of Kamaishi, Japan                           
719;M 7.7 - 28 km SSW of Puerto El Triunfo, El Salvador             
720;M 7.7 - 36 km ESE of Tocopilla, Chile                           
721;M 7.7 - 53 km SW of Iquique, Chile                              
722;M 7.7 - 79 km ESE of Kh?sh, Iran                                
723;M 7.7 - Komandorskiye Ostrova, Russia region                    
724;M 7.7 - Pagan region, Northern Mariana Islands                  
725;M 7.7 - Scotia Sea                                              
726;M 7.7 - southeast of the Loyalty Islands                        
727;M 7.8 - 102 km ENE of Iquique, Chile                            
728;M 7.8 - 148 km WSW of Sungai Penuh, Indonesia                   
729;M 7.8 - 196 km NW of Sola, Vanuatu                              
730;M 7.8 - 206 km SW of Prince Rupert, Canada                      
731;M 7.8 - 215 km SW of Sungai Penuh, Indonesia                    
732;M 7.8 - 27 km SSE of Muisne, Ecuador                            
733;M 7.8 - 53 km NNE of Amberley, New Zealand                      
734;M 7.8 - 67 km NNE of Bharatpur, Nepal                           
735;M 7.8 - 69 km WSW of Kirakira, Solomon Islands                  
736;M 7.8 - 75 km E of Sinabang, Indonesia                          
737;M 7.8 - 97 km WSW of Te Anau, New Zealand                       
738;M 7.8 - 99 km SSE of Perryville, Alaska                         
739;M 7.8 - Bonin Islands, Japan region                             
740;M 7.8 - Southern Qinghai, China                                 
741;M 7.8 - southwest of Sumatra, Indonesia                         
742;M 7.9 - 140 km E of Kokopo, Papua New Guinea                    
743;M 7.9 - 261 km SE of Chiniak, Alaska                            
744;M 7.9 - 35 km WNW of Panguna, Papua New Guinea                  
745;M 7.9 - 45 km S of Levuka, Fiji                                 
746;M 7.9 - 47 km E of ?arai, Japan                                 
747;M 7.9 - 58 km W of Tianpeng, China                              
748;M 7.9 - 75 km E of Cantwell, Alaska                             
749;M 7.9 - 87 km SW of Sungai Penuh, Indonesia                     
750;M 7.9 - Rat Islands, Aleutian Islands, Alaska                   
751;M 8.0 - 41 km SW of San Vicente de Cañete, Peru                 
752;M 8.0 - 47 km SSE of Pangai, Tonga                              
753;M 8.0 - 50 km ESE of Pangai, Tonga                              
754;M 8.0 - 75 km W of Lata, Solomon Islands                        
755;M 8.0 - 78 km NE of Navarro, Peru                               
756;M 8.1 - 168 km SSW of Matavai, Samoa                            
757;M 8.1 - 45 km SSE of Gizo, Solomon Islands                      
758;M 8.1 - east of the Kuril Islands                               
759;M 8.1 - Kermadec Islands, New Zealand                           
760;M 8.1 - north of Macquarie Island                               
761;M 8.1 - South Sandwich Islands region                           
762;M 8.2 - 134 km SSW of Kushiro, Japan                            
763;M 8.2 - 267 km E of Levuka, Fiji                                
764;M 8.2 - 91 km ESE of Perryville, Alaska                         
765;M 8.2 - 93 km NW of Iquique, Chile                              
766;M 8.2 - 99 km SE of Perryville, Alaska                          
767;M 8.2 - near the coast of Chiapas, Mexico                       
768;M 8.2 - off the west coast of northern Sumatra                  
769;M 8.3 - 48 km W of Illapel, Chile                               
770;M 8.3 - Kuril Islands                                           
771;M 8.3 - Sea of Okhotsk                                          
772;M 8.4 - 122 km SW of Bengkulu, Indonesia                        
773;M 8.4 - 6 km SSW of Atico, Peru                                 
774;M 8.6 - 78 km WSW of Singkil, Indonesia                         
775;M 8.6 - off the west coast of northern Sumatra                  
776;M 8.8 - 36 km WNW of Quirihue, Chile                            
777;M 9.1 - 2004 Sumatra - Andaman Islands Earthquake               
778;M 9.1 - 2011 Great Tohoku Earthquake, Japan                     
